Family;Genus;spName;DensiteBois;logSLA;Hauteur;MasseGraine
Anacardiaceae;AnacardiaceaeIND;AnacardiaceaeIND_sp.B1;0,4614000000;2,48550384299775;10;3
Anacardiaceae;Anacardium;Anacardium_spruceanum;0,4601000000;2,73458365912904;40;4
Anacardiaceae;Astronium;Astronium_lecointei;0,6960000000;2,53332470051892;50;4
Anacardiaceae;Astronium;Astronium_ulei;0,7377000000;2,46186898172098;52;4
Anacardiaceae;Tapirira;Tapirira_bethanniana;0,5832950000;2,29249486993332;50;3
Anacardiaceae;Tapirira;Tapirira_guianensis;0,5616500000;2,49396816437712;25;3
Anacardiaceae;Tapirira;Tapirira_obtusa;0,4643000000;2,44431186822646;35;3
Anacardiaceae;Thyrsodium;Thyrsodium_guianense;0,6125500000;2,07891270117540;35;4
Anacardiaceae;Thyrsodium;Thyrsodium_puberulum;0,5200000000;2,21988262070796;34;4
Annonaceae;Annona;Annona_prevostiae;0,2800000000;2,51072734940974;10;2
Annonaceae;AnnonaceaeIND;AnnonaceaeIND_IND;0,5200000000;2,78584991718117;10;2
Annonaceae;Duguetia;Duguetia_calycina;0,6700000000;2,54195102683956;10;2
Annonaceae;Duguetia;Duguetia_surinamensis;0,7577750000;2,56176342910623;30;4
Annonaceae;Fusaea;Fusaea_longifolia;0,6300000000;2,49674110743500;12;3
Annonaceae;Guatteria;Guatteria_anthracina;0,4607000000;2,19341712100964;52;3
Annonaceae;Guatteria;Guatteria_brevicuspis;0,5164000000;2,13992985752171;50;3
Annonaceae;Guatteria;Guatteria_guianensis;0,5784500000;2,21780277769588;15;3
Annonaceae;Guatteria;Guatteria_sp.B1;0,6387700000;2,71060944137246;50;3
Annonaceae;Guatteria;Guatteria_wachenheimii;0,5549000000;2,39737012137371;50;3
Annonaceae;Oxandra;Oxandra_asbeckii;0,7329800000;2,42447491060308;18;3
Annonaceae;Pseudoxandra;Pseudoxandra_cuspidata;0,5662000000;2,77750851250008;10;2
Annonaceae;Rollinia;Rollinia_elliptica;0,4007300000;2,70005597248158;10;2
Annonaceae;Tetrameranthus;Tetrameranthus_sp.;0,5225300000;2,12116058186614;52;1
Annonaceae;Unonopsis;Unonopsis_perrottetii;0,6862000000;2,75394067617294;53;3
Annonaceae;Unonopsis;Unonopsis_rufescens;0,5852050000;2,69410077086042;18;3
Annonaceae;Xylopia;Xylopia_frutescens;0,6969350000;2,57994722877546;50;2
Annonaceae;Xylopia;Xylopia_nitida;0,5865000000;2,26273918444685;34;2
Apocynaceae;Ambelania;Ambelania_acida;0,4377950000;2,19590886436773;20;2
Apocynaceae;Anartia;Anartia_meyerii;0,5000000000;3,12565138049260;50;2
Apocynaceae;ApocynaceaeIND;ApocynaceaeIND_IND;0,7983000000;2,34949177134787;53;2
Apocynaceae;Aspidosperma;Aspidosperma_album;0,6490500000;1,99599178189669;35;3
Apocynaceae;Aspidosperma;Aspidosperma_cruentum;0,7379000000;2,35590589560365;25;3
Apocynaceae;Aspidosperma;Aspidosperma_marcgravianum;0,7320000000;2,53303036941427;45;3
Apocynaceae;Aspidosperma;Aspidosperma_oblongum;0,7846000000;2,66482826189929;50;3
Apocynaceae;Aspidosperma;Aspidosperma_spruceanum;0,7034000000;1,97739876429410;52;3
Apocynaceae;Bonafousia;Bonafousia_undulata;0,5903500000;2,74892781113806;52;2
Apocynaceae;Couma;Couma_guianensis;0,4790500000;2,42328246277082;35;3
Apocynaceae;Geissospermum;Geissospermum_laevis;0,7191500000;2,72107364098850;50;2
Apocynaceae;Himatanthus;Himatanthus_sp.B1;0,4983000000;3,04862004077470;53;2
Apocynaceae;Lacmellea;Lacmellea_aculeata;0,5374000000;2,57931859094919;20;3
Apocynaceae;Macoubea;Macoubea_guianensis;0,4250000000;2,65719681814680;32;3
Apocynaceae;Malouetia;Malouetia_guianensis;0,5473100000;2,75065480705550;50;2
Apocynaceae;Parahancornia;Parahancornia_fasciculata;0,4500000000;2,60919517533135;33;3
Aquifoliaceae;Ilex;Ilex_sp.2DS;0,5714500000;2,47557336317650;52;4
Aquifoliaceae;Ilex;Ilex_sp.B1;0,5100000000;2,15939943530812;52;1
Araliaceae;Schefflera;Schefflera_decaphylla;0,4458000000;1,90628844525965;40;2
Araliaceae;Schefflera;Schefflera_morototoni;0,5100000000;2,31900265150807;35;2
Arecaceae;Astrocaryum;Astrocaryum_rodriguesii;0,5706000000;1,49254024800699;53;5
Arecaceae;Astrocaryum;Astrocaryum_sciophilum;0,5307000000;1,73172749019237;12;5
Arecaceae;Euterpe;Euterpe_oleracea;0,5860000000;2,11801381646608;28;4
Arecaceae;Jessenia;Jessenia_bataua;0,5436500000;1,96218974120086;53;4
Arecaceae;Oenocarpus;Oenocarpus_bacaba;0,5583000000;1,92324628947810;25;4
Bignoniaceae;Jacaranda;Jacaranda_copaia;0,4020700000;2,27697251713732;38;2
Bignoniaceae;Tabebuia;Tabebuia_capitata;0,7698500000;2,62679216350623;32;2
Bignoniaceae;Tabebuia;Tabebuia_serratifolia;0,6516100000;3,08706919953681;30;2
Bignoniaceae;Tabebuia;Tabebuia_sp.B1;0,7828000000;3,24188693646805;50;4
Boraginaceae;Cordia;Cordia_sagotii;0,4900000000;2,22813441927291;15;3
Boraginaceae;Cordia;Cordia_sp.B2;0,4128200000;2,90658199505605;50;3
Brassicaceae;Capparis;Capparis_leprieurii;0,5100000000;2,29566557005097;10;4
Brassicaceae;Capparis;Capparis_maroniensis;0,6114000000;2,65692110722724;29;4
Burseraceae;BurseraceaeIND;BurseraceaeIND_sp.B1;0,6558000000;2,05961772481236;53;5
Burseraceae;Crepidospermum;Crepidospermum_goudotianum;0,6045000000;2,58453649073684;50;4
Burseraceae;Dacryodes;Dacryodes_cuspidata;0,7017000000;2,24828586197007;50;4
Burseraceae;Dacryodes;Dacryodes_nitens;0,5585395290;2,26284863529479;23;4
Burseraceae;Dacryodes;Dacryodes_sp.B1;0,3616000000;2,13804029142962;12;4
Burseraceae;Dacryodes;Dacryodes_sp.B2;0,6695278970;2,04722792169618;50;4
Burseraceae;Protium;Protium_altsonii;0,6212500000;2,66529122085047;52;4
Burseraceae;Protium;Protium_apiculatum;0,5642000000;2,50324883313217;25;3
Burseraceae;Protium;Protium_cuneatum;0,4251800000;2,49068658447410;50;3
Burseraceae;Protium;Protium_decandrum;0,5394800000;2,34569521664777;41;4
Burseraceae;Protium;Protium_demerarense;0,5985000000;2,67991280727482;50;3
Burseraceae;Protium;Protium_divaricatum;0,6991650000;2,84259368506107;10;3
Burseraceae;Protium;Protium_gallicum;0,6629850000;2,61185690684353;35;3
Burseraceae;Protium;Protium_giganteum;0,4895900000;2,62433778483787;30;3
Burseraceae;Protium;Protium_guianense;0,7202154640;2,56226954670746;45;3
Burseraceae;Protium;Protium_morii;0,4757000000;2,44561022781082;10;3
Burseraceae;Protium;Protium_opacum;0,5769000000;2,41337637983701;30;4
Burseraceae;Protium;Protium_pallidum;0,6072900000;2,53399231699321;10;3
Burseraceae;Protium;Protium_plagiocarpum;0,6374147885;2,70939084199135;50;4
Burseraceae;Protium;Protium_sagotianum;0,6100000000;2,37987676729569;23;3
Burseraceae;Protium;Protium_sp.B1;0,7874000000;2,27712047415949;50;4
Burseraceae;Protium;Protium_sp.B2;0,5967600000;2,66336208002080;10;3
Burseraceae;Protium;Protium_sp.B3;0,4300000000;2,32580274509823;50;4
Burseraceae;Protium;Protium_sp.B4;0,5860000000;2,27528230716960;50;4
Burseraceae;Protium;Protium_subserratum;0,4597000000;2,74275774943634;33;3
Burseraceae;Protium;Protium_tenuifolium;0,6018295620;1,97922779845066;34;3
Burseraceae;Protium;Protium_trifoliolatum;0,6362000000;2,64243342181685;15;3
Burseraceae;Tetragastris;Tetragastris_altissima;0,5778500000;2,47811632097290;50;3
Burseraceae;Tetragastris;Tetragastris_panamensis;0,6838500000;2,17559181134517;39;3
Burseraceae;Trattinnickia;Trattinnickia_demerarae;0,5488000000;1,72907549889358;53;1
Burseraceae;Trattinnickia;Trattinnickia_sp.B1;0,4900000000;1,95491444718003;10;1
Caryocaraceae;Caryocar;Caryocar_glabrum;0,6290500000;2,46764811785050;48;5
Celastraceae;Cheiloclinium;Cheiloclinium_cognatum;0,6868700000;2,59379604175846;10;3
Celastraceae;Goupia;Goupia_glabra;0,6604850000;2,42376909691336;42;1
Celastraceae;Maytenus;Maytenus_guyanensis;0,6548300000;2,48757234540202;52;3
Celastraceae;Maytenus;Maytenus_myrsinoides;0,6849950000;1,82257254087832;50;3
Celastraceae;Maytenus;Maytenus_oblongata;0,7146000000;2,15423032968595;13;3
Celastraceae;Maytenus;Maytenus_sp.B1;0,6900000000;2,34107690519352;50;3
Celastraceae;Maytenus;Maytenus_sp.B2;0,7605000000;1,38947401403727;50;3
Chrysobalanaceae;ChrysobalanaceaeIND;ChrysobalanaceaeIND_sp.B1;0,7626000000;2,49290266331811;50;4
Chrysobalanaceae;Couepia;Couepia_bracteosa;0,7988000000;2,15817286589026;20;5
Chrysobalanaceae;Couepia;Couepia_caryophylloides;0,7450000000;2,45744432958829;39;5
Chrysobalanaceae;Couepia;Couepia_guianensis;0,7364000000;2,33308289992910;37;4
Chrysobalanaceae;Couepia;Couepia_habrantha;0,7747000000;1,96159163917924;30;5
Chrysobalanaceae;Couepia;Couepia_joaquinae;0,7878000000;2,59877359652363;10;5
Chrysobalanaceae;Couepia;Couepia_magnoliifolia;0,7341150000;2,11944852235200;10;5
Chrysobalanaceae;Couepia;Couepia_parillo;0,7493000000;2,50514846434608;20;5
Chrysobalanaceae;Exellodendron;Exellodendron_barbatum;0,7100000000;2,55705111543730;52;4
Chrysobalanaceae;Hirtella;Hirtella_araguariensis;0,6366459630;2,52330578272254;50;3
Chrysobalanaceae;Hirtella;Hirtella_bicornis;0,7354000000;2,67049823946746;29;3
Chrysobalanaceae;Hirtella;Hirtella_bicornisvarbicornis;0,7400000000;2,68993233646586;52;3
Chrysobalanaceae;Hirtella;Hirtella_bicornisvarpubescens;0,6770000000;2,60498877727119;50;3
Chrysobalanaceae;Hirtella;Hirtella_glandistipula;0,8330000000;2,51201496854608;50;3
Chrysobalanaceae;Hirtella;Hirtella_glandulosa;0,7756000000;2,09539248445389;35;3
Chrysobalanaceae;Hirtella;Hirtella_macrosepala;0,6776379480;2,48948708547440;53;3
Chrysobalanaceae;Hirtella;Hirtella_suffulta;0,7800000000;2,44375118777642;52;3
Chrysobalanaceae;Licania;Licania_alba;0,7222800000;2,01120439430163;37;5
Chrysobalanaceae;Licania;Licania_canescens;0,7611000000;2,29220886500796;33;4
Chrysobalanaceae;Licania;Licania_glabriflora;0,6850000000;2,81171951885596;10;4
Chrysobalanaceae;Licania;Licania_heteromorpha;0,7809500000;2,18796541582442;35;4
Chrysobalanaceae;Licania;Licania_IND;0,8111000000;1,92872532430121;10;3
Chrysobalanaceae;Licania;Licania_kunthiana;0,7514000000;2,01472666996773;35;4
Chrysobalanaceae;Licania;Licania_laevigata;0,7558000000;2,43449646906410;10;4
Chrysobalanaceae;Licania;Licania_latistipula;0,7944000000;2,41722446054746;39;4
Chrysobalanaceae;Licania;Licania_laxiflora;0,8113000000;2,25530355936322;29;4
Chrysobalanaceae;Licania;Licania_licaniiflora;0,6886000000;2,55308970110222;30;5
Chrysobalanaceae;Licania;Licania_majuscula;0,7400000000;2,03653163826904;10;3
Chrysobalanaceae;Licania;Licania_membranacea;0,7903000000;2,06646475630154;40;3
Chrysobalanaceae;Licania;Licania_micrantha;0,7867000000;2,08279030872147;30;4
Chrysobalanaceae;Licania;Licania_minutiflora;0,7798000000;2,32415781298843;10;4
Chrysobalanaceae;Licania;Licania_octandra;0,5639800000;2,36826455656593;10;5
Chrysobalanaceae;Licania;Licania_ovalifolia;0,8144000000;1,72174969715055;37;4
Chrysobalanaceae;Licania;Licania_sp.11DS;0,7642000000;2,79525379337355;10;4
Chrysobalanaceae;Licania;Licania_sp.2DS;0,7873000000;1,75973344250865;10;3
Chrysobalanaceae;Licania;Licania_sp.B1;0,7500000000;2,71517781502644;10;4
Chrysobalanaceae;Licania;Licania_sp.B3;0,7958450000;2,53286172624502;10;3
Chrysobalanaceae;Licania;Licania_sp.B4;0,6952000000;2,15379635630817;10;3
Chrysobalanaceae;Licania;Licania_sprucei;0,6660000000;2,13720656760997;20;4
Chrysobalanaceae;Parinari;Parinari_campestris;0,7028500000;1,91258271351396;25;5
Chrysobalanaceae;Parinari;Parinari_excelsa;0,6250000000;2,54895528614523;40;5
Chrysobalanaceae;Parinari;Parinari_montana;0,6983050000;1,96811905069451;39;5
Clusiaceae;Clusia;Clusia_grandiflora;0,7908000000;1,43866753491999;53;5
Clusiaceae;Moronobea;Moronobea_coccinea;0,6169400000;2,41938436074030;40;4
Clusiaceae;Platonia;Platonia_insignis;0,5925000000;1,68866484847844;40;5
Clusiaceae;Rheedia;Rheedia_madruno;0,6814000000;1,98713867137096;50;5
Clusiaceae;Symphonia;Symphonia_globulifera;0,5592000000;2,30862011432852;39;5
Clusiaceae;Symphonia;Symphonia_sp.1;0,6145000000;2,29941047915472;39;5
Clusiaceae;Tovomita;Tovomita_sp.2DS;0,8011000000;2,10153958493380;50;5
Clusiaceae;Tovomita;Tovomita_sp.B1;0,7125000000;2,53615633200325;50;5
Clusiaceae;Tovomita;Tovomita_sp.B10;0,7577000000;2,74036742397226;53;5
Clusiaceae;Tovomita;Tovomita_sp.B12;0,7539500000;2,61926698857282;50;5
Clusiaceae;Tovomita;Tovomita_sp.B4;0,7243500000;2,28656660601746;50;5
Clusiaceae;Tovomita;Tovomita_sp.B5;0,7328000000;2,20046356638167;50;5
Clusiaceae;Tovomita;Tovomita_sp.B6;0,8052500000;2,10596730945346;52;5
Clusiaceae;Tovomita;Tovomita_sp.B7;0,5223880600;2,39060868899859;10;5
Clusiaceae;Tovomita;Tovomita_sp.B8;0,8224000000;2,23551171625329;52;5
Clusiaceae;Tovomita;Tovomita_sp.B9;0,7657100000;1,87279272635851;50;5
Clusiaceae;Vismia;Vismia_cayennensis;0,5355000000;2,44353822073936;10;1
Combretaceae;Buchenavia;Buchenavia_grandis;0,7486000000;2,99773829228086;30;4
Combretaceae;Buchenavia;Buchenavia_guianensis;0,7135000000;1,80970723085889;53;1
Combretaceae;Buchenavia;Buchenavia_IND;0,5736000000;2,75341023594005;50;3
Combretaceae;Buchenavia;Buchenavia_tetraphylla;0,6937500000;2,21788305390003;50;4
Combretaceae;Terminalia;Terminalia_guianensis;0,7764000000;2,90021964410832;50;3
Combretaceae;Terminalia;Terminalia_sp.B1;0,6992300000;2,51482323961345;53;3
Dichapetalaceae;Tapura;Tapura_amazonica;0,6290000000;2,12225536350102;8;3
Dichapetalaceae;Tapura;Tapura_capitulifera;0,7122000000;1,79107526826167;35;3
Dichapetalaceae;Tapura;Tapura_guianensis;0,6373350000;2,58312278759448;5;3
Ebenaceae;Diospyros;Diospyros_capreifolia;0,6927000000;2,55036969057143;25;4
Ebenaceae;Diospyros;Diospyros_carbonaria;0,6397000000;2,18558720683680;20;3
Ebenaceae;Diospyros;Diospyros_cavalcantei;0,6500000000;2,37037483620272;21;4
Ebenaceae;Diospyros;Diospyros_dichroa;0,5825300000;2,08095313446119;50;4
Elaeocarpaceae;Sloanea;Sloanea_brevipes;0,7601000000;2,54148713088473;53;3
Elaeocarpaceae;Sloanea;Sloanea_echinocarpa;0,7002000000;2,83018106969470;52;3
Elaeocarpaceae;Sloanea;Sloanea_eichleri;0,7200000000;2,26742171149794;53;3
Elaeocarpaceae;Sloanea;Sloanea_garckeana;0,7677000000;2,34995720716505;52;3
Elaeocarpaceae;Sloanea;Sloanea_guianensis;0,6939108985;2,75942093510328;40;3
Elaeocarpaceae;Sloanea;Sloanea_latifolia;0,7846000000;1,80812265079272;50;3
Elaeocarpaceae;Sloanea;Sloanea_sp.B1;0,7764000000;1,68109276099281;50;3
Elaeocarpaceae;Sloanea;Sloanea_sp.B11;0,6939900000;2,60021750936331;52;3
Elaeocarpaceae;Sloanea;Sloanea_sp.B12;0,7566600000;2,57625539477711;53;3
Elaeocarpaceae;Sloanea;Sloanea_sp.B14;0,7301000000;2,17927258194052;50;3
Elaeocarpaceae;Sloanea;Sloanea_sp.B15;0,6015500000;2,14794935257089;50;3
Elaeocarpaceae;Sloanea;Sloanea_sp.B16;0,8027000000;2,66357963882356;53;3
Elaeocarpaceae;Sloanea;Sloanea_sp.B2;0,8964000000;1,80448255252595;50;3
Elaeocarpaceae;Sloanea;Sloanea_sp.B3;0,7342000000;2,17904084931217;50;3
Elaeocarpaceae;Sloanea;Sloanea_sp.B4;0,7885500000;2,09031339548919;50;3
Elaeocarpaceae;Sloanea;Sloanea_sp.B5;0,8797000000;2,30830593239526;50;3
Elaeocarpaceae;Sloanea;Sloanea_sp.B6;0,7492400000;1,92540139428396;50;3
Elaeocarpaceae;Sloanea;Sloanea_sp.B7;0,6662000000;1,90123173333209;53;3
Elaeocarpaceae;Sloanea;Sloanea_sp.B8;0,7100000000;2,48744794721667;50;3
Elaeocarpaceae;Sloanea;Sloanea_sp.B9;0,7200000000;1,90404042773046;50;3
Euphorbiaceae;Chaetocarpus;Chaetocarpus_schomburgkianus;0,7543000000;1,76840723207640;38;2
Euphorbiaceae;Chaetocarpus;Chaetocarpus_sp.1;0,5993500000;2,12096732695850;53;2
Euphorbiaceae;Conceveiba;Conceveiba_guianensis;0,5429500000;2,45694969086259;20;3
Euphorbiaceae;Drypetes;Drypetes_fanshawei;0,7177000000;2,48041236985712;33;3
Euphorbiaceae;Drypetes;Drypetes_variabilis;0,6943500000;2,23392587913049;25;4
Euphorbiaceae;Glycydendron;Glycydendron_amazonicum;0,5511000000;2,94894349128755;36;5
Euphorbiaceae;Hevea;Hevea_guianensis;0,5444000000;2,72944772737844;35;4
Euphorbiaceae;Hyeronima;Hyeronima_alchorneoides;0,5927000000;2,69715740709062;53;2
Euphorbiaceae;Mabea;Mabea_piriri;0,6150000000;2,55601748544370;20;3
Euphorbiaceae;Mabea;Mabea_sp.B1;0,6799300000;2,23032875356860;53;3
Euphorbiaceae;Mabea;Mabea_speciosa;0,6585500000;2,58748150965314;50;3
Euphorbiaceae;Maprounea;Maprounea_guianensis;0,5100000000;2,58339428615806;50;2
Euphorbiaceae;Pogonophora;Pogonophora_schomburgkiana;0,7134500000;2,56702541823606;20;3
Euphorbiaceae;Sandwithia;Sandwithia_guianensis;0,6860605535;2,75715884511938;14;3
Fabaceae;Abarema;Abarema_jupunba;0,5728000000;2,58434993933163;36;3
Fabaceae;Abarema;Abarema_mataybifolia;0,7126000000;2,08912054898093;26;3
Fabaceae;Alexa;Alexa_wachenheimii;0,5100000000;2,49895092786568;42;4
Fabaceae;Andira;Andira_inermis;0,6287100000;2,10905201824867;50;3
Fabaceae;Andira;Andira_surinamensis;0,6555000000;2,69425687896987;50;5
Fabaceae;Balizia;Balizia_pedicellaris;0,5700000000;2,29668537086686;44;2
Fabaceae;Bocoa;Bocoa_prouacensis;0,7693000000;2,37580876106562;34;4
Fabaceae;Cassia;Cassia_spruceana;0,7605000000;2,28011223714199;32;3
Fabaceae;Cedrelinga;Cedrelinga_cateniformis;0,3172000000;2,80982085425548;10;2
Fabaceae;Dialium;Dialium_guianense;0,6700000000;2,68523776673367;35;3
Fabaceae;Dicorynia;Dicorynia_guianensis;0,6148000000;2,39265177330756;52;4
Fabaceae;Diplotropis;Diplotropis_purpurea;0,7873500000;2,43871562686290;45;3
Fabaceae;Dipteryx;Dipteryx_odorata;0,8760000000;2,26270386635444;40;5
Fabaceae;Dipteryx;Dipteryx_punctata;0,8537000000;1,90167165410060;50;5
Fabaceae;Dussia;Dussia_discolor;0,6545454550;2,74562561327420;50;4
Fabaceae;Enterolobium;Enterolobium_schomburgkii;0,7139000000;1,97585074462316;40;3
Fabaceae;Eperua;Eperua_falcata;0,6118000000;2,56013746185856;44;4
Fabaceae;Eperua;Eperua_grandiflora;0,6635000000;2,04733032750122;42;5
Fabaceae;FabaceaeIND;FabaceaeIND_sp.B1;0,5062000000;2,82393061575742;50;3
Fabaceae;FabaceaeIND;FabaceaeIND_sp.B2;0,7142000000;2,27867276661849;52;4
Fabaceae;FabaceaeIND;FabaceaeIND_sp.B3;0,7189000000;2,75036139917393;53;4
Fabaceae;Hymenaea;Hymenaea_courbaril;0,6231000000;1,81791374735731;52;1
Fabaceae;Hymenolobium;Hymenolobium_flavum;0,6565000000;2,78901926363588;50;4
Fabaceae;Hymenolobium;Hymenolobium_sp.B1;0,5573000000;2,46924053304360;10;4
Fabaceae;Inga;Inga_acreana;0,7236800000;2,75844646880903;50;4
Fabaceae;Inga;Inga_acrocephala;0,5153250000;2,71625366965116;10;3
Fabaceae;Inga;Inga_alba;0,5102500000;2,69570100671663;40;3
Fabaceae;Inga;Inga_albicoria;0,6425100000;2,57783556110368;10;3
Fabaceae;Inga;Inga_brachystachys;0,7688500000;2,50060617438148;53;3
Fabaceae;Inga;Inga_fanchoniana;0,7763000000;3,05898494801055;37;4
Fabaceae;Inga;Inga_gracilifolia;0,8063000000;2,53074118613180;35;3
Fabaceae;Inga;Inga_huberi;0,6448000000;2,50747520399890;21;4
Fabaceae;Inga;Inga_leiocalycina;0,7026000000;2,87835632115175;25;3
Fabaceae;Inga;Inga_longipedunculata;0,5741600000;2,44692891195672;10;3
Fabaceae;Inga;Inga_loubryana;0,7243000000;2,23798864953030;52;4
Fabaceae;Inga;Inga_melinonis;0,6828300000;2,46323057822622;29;4
Fabaceae;Inga;Inga_nouraguensis;0,6967000000;2,65862104909209;31;3
Fabaceae;Inga;Inga_paraensis;0,6273400000;2,31471695756257;38;3
Fabaceae;Inga;Inga_pezizifera;0,5511000000;2,76214180673577;30;3
Fabaceae;Inga;Inga_rubiginosa;0,6091000000;2,32359828259286;21;3
Fabaceae;Inga;Inga_sarmentosa;0,6361600000;2,20541196574492;25;3
Fabaceae;Inga;Inga_sp.B1;0,5985000000;2,55365271433842;50;4
Fabaceae;Inga;Inga_sp.B2;0,7214700000;2,35674807951909;50;4
Fabaceae;Inga;Inga_sp.B3;0,5381700000;2,64471035053286;10;3
Fabaceae;Inga;Inga_sp.B4;0,6873200000;2,43806162650885;50;4
Fabaceae;Inga;Inga_stipularis;0,7334000000;2,04965286860700;23;3
Fabaceae;Macrolobium;Macrolobium_bifolium;0,7100000000;2,99464314656305;31;4
Fabaceae;Ormosia;Ormosia_coccinea;0,4788700000;2,18576142384147;43;3
Fabaceae;Ormosia;Ormosia_flava;0,6433000000;2,60885148755819;52;3
Fabaceae;Ormosia;Ormosia_stipularis;0,6962000000;2,43264565046957;50;3
Fabaceae;Parkia;Parkia_decussata;0,6259100000;2,41452224785711;50;3
Fabaceae;Parkia;Parkia_gigantocarpa;0,6639247940;2,77351252710100;50;3
Fabaceae;Parkia;Parkia_nitida;0,6875750000;2,16262717175000;40;3
Fabaceae;Parkia;Parkia_sp.B1;0,4509000000;3,01635074442986;53;3
Fabaceae;Parkia;Parkia_ulei;0,5886100000;1,83063319583797;45;3
Fabaceae;Parkia;Parkia_velutina;0,4736000000;2,59946525131684;40;3
Fabaceae;Peltogyne;Peltogyne_paniculata;0,8638000000;2,70277314400137;30;3
Fabaceae;Peltogyne;Peltogyne_sp.1DS;0,7768000000;2,27487600315170;50;4
Fabaceae;Peltogyne;Peltogyne_venosa;0,7788000000;2,15084952775420;45;4
Fabaceae;Platymiscium;Platymiscium_pinnatum;0,7378400000;2,84016405482790;35;4
Fabaceae;Poecilanthe;Poecilanthe_effusa;0,6900000000;2,83308628732521;50;4
Fabaceae;Pseudopiptadenia;Pseudopiptadenia_psilostachya;0,4903500000;2,31623761436154;50;2
Fabaceae;Pseudopiptadenia;Pseudopiptadenia_suaveolens;0,6400000000;1,38865007481235;41;2
Fabaceae;Recordoxylon;Recordoxylon_speciosum;0,8955500000;2,81369707554682;40;4
Fabaceae;Stryphnodendron;Stryphnodendron_moricolor;0,5906000000;2,61677577194701;52;2
Fabaceae;Stryphnodendron;Stryphnodendron_polystachyum;0,5800000000;2,62238671486794;40;2
Fabaceae;Swartzia;Swartzia_amshoffiana;0,7333783785;2,58524789968779;50;4
Fabaceae;Swartzia;Swartzia_arborescens;0,7050000000;2,82572057873969;23;3
Fabaceae;Swartzia;Swartzia_benthamiana;0,6300000000;2,20610382773830;53;4
Fabaceae;Swartzia;Swartzia_canescens;0,7513400000;2,40794560865187;53;4
Fabaceae;Swartzia;Swartzia_grandifolia;0,6600000000;2,42285466122043;18;3
Fabaceae;Swartzia;Swartzia_leblondii;0,8067000000;2,46787328272339;23;4
Fabaceae;Swartzia;Swartzia_oblanceolata;0,6359400000;2,42489006325169;30;3
Fabaceae;Swartzia;Swartzia_panacoco;0,8342000000;2,86804343725210;33;4
Fabaceae;Swartzia;Swartzia_panacocovar.panacoco;0,8200000000;2,03853163893571;52;4
Fabaceae;Swartzia;Swartzia_polyphylla;0,6905000000;2,28691897624965;44;4
Fabaceae;Swartzia;Swartzia_sp.B1;0,7232000000;2,54293819736019;53;4
Fabaceae;Tachigali;Tachigali_bracteolata;0,3880100000;2,68207471469895;53;3
Fabaceae;Tachigali;Tachigali_guianensis;0,4198000000;2,98914401442961;40;3
Fabaceae;Tachigali;Tachigali_melinonii;0,7339000000;2,65770875204575;51;3
Fabaceae;Tachigali;Tachigali_paniculata;0,5760000000;2,01857502130985;52;3
Fabaceae;Tachigali;Tachigali_paraensis;0,5400000000;2,00045532988193;50;3
Fabaceae;Vatairea;Vatairea_erythrocarpa;0,7234500000;2,46763659538616;30;4
Fabaceae;Vataireopsis;Vataireopsis_surinamensis;0,7536000000;2,94088447305432;50;4
Fabaceae;Vouacapoua;Vouacapoua_americana;0,6900000000;2,66202728889418;38;5
Fabaceae;Zygia;Zygia_racemosa;0,7436000000;2,25257467241938;30;2
Fabaceae;Zygia;Zygia_tetragona;0,8818500000;2,59491683347014;35;2
Humiriaceae;Humiriastrum;Humiriastrum_subcrenatum;0,6963000000;1,83042861038721;48;4
Humiriaceae;Sacoglottis;Sacoglottis_cydonioides;0,6835000000;2,33289044248937;35;4
Humiriaceae;Sacoglottis;Sacoglottis_guianensis;0,7135000000;1,73144051573357;37;4
Humiriaceae;Sacoglottis;Sacoglottis_sp.B1;0,7000000000;2,03017561747479;50;4
Humiriaceae;Vantanea;Vantanea_parviflora;0,7805600000;1,95777405207300;40;4
Icacinaceae;Dendrobangia;Dendrobangia_boliviana;0,6000000000;2,49053250889913;35;3
Icacinaceae;Discophora;Discophora_guianensis;0,5060500000;2,57564216242062;10;2
Icacinaceae;Emmotum;Emmotum_fagifolium;0,7021500000;2,02052753554594;30;4
Icacinaceae;Poraqueiba;Poraqueiba_guianensis;0,6759000000;2,26349770428600;29;4
IND;INDIND;INDIND_IND;0,4342000000;2,08506479923420;10;1
IND;INDIND;INDIND_sp.B1;0,5346000000;2,92561234257822;10;2
Ixonanthaceae;Cyrillopsis;Cyrillopsis_paraensis;0,7748000000;2,86985965912645;53;4
Lacistemataceae;Lacistema;Lacistema_grandifolium;0,4920600000;2,68844144677493;15;2
Lauraceae;Aiouea;Aiouea_longipetiolata;0,4761500000;2,42595243996549;10;2
Lauraceae;Aniba;Aniba_guianensis;0,6118500000;2,80204532596292;50;2
Lauraceae;Aniba;Aniba_hostmanniana;0,7617500000;2,07691173184324;53;4
Lauraceae;Aniba;Aniba_panurensis;0,5830500000;2,45307000771493;50;2
Lauraceae;Aniba;Aniba_terminalis;0,6373000000;2,80677394389250;53;2
Lauraceae;Aniba;Aniba_williamsii;0,6123000000;2,03555506509493;50;2
Lauraceae;Endlicheria;Endlicheria_melinonii;0,6000000000;2,59411480389790;25;4
Lauraceae;LauraceaeIND;LauraceaeIND_sp.7DS;0,3892000000;2,90464468356544;50;2
Lauraceae;LauraceaeIND;LauraceaeIND_sp.B1;0,8931000000;2,06634091763414;53;4
Lauraceae;LauraceaeIND;LauraceaeIND_sp.B10;0,6471000000;2,42563167305948;53;2
Lauraceae;LauraceaeIND;LauraceaeIND_sp.B11;0,4650000000;3,22388541247763;50;2
Lauraceae;LauraceaeIND;LauraceaeIND_sp.B12;0,6536000000;2,70657809720027;50;2
Lauraceae;LauraceaeIND;LauraceaeIND_sp.B13;0,6981000000;2,67004504260934;50;2
Lauraceae;LauraceaeIND;LauraceaeIND_sp.B15;0,7167000000;2,47257141648264;50;2
Lauraceae;LauraceaeIND;LauraceaeIND_sp.B16;0,6905000000;2,69638145726783;50;2
Lauraceae;LauraceaeIND;LauraceaeIND_sp.B17;0,4826750000;2,50478464145692;50;2
Lauraceae;LauraceaeIND;LauraceaeIND_sp.B18;0,7121000000;2,33263378916451;53;2
Lauraceae;LauraceaeIND;LauraceaeIND_sp.B19;0,4758500000;2,37830918970756;10;2
Lauraceae;LauraceaeIND;LauraceaeIND_sp.B2;0,7000000000;2,63967651626796;53;2
Lauraceae;LauraceaeIND;LauraceaeIND_sp.B20;0,6945000000;1,95427839872583;50;5
Lauraceae;LauraceaeIND;LauraceaeIND_sp.B21;0,7000000000;1,59417975862173;50;2
Lauraceae;LauraceaeIND;LauraceaeIND_sp.B22;0,4600000000;2,13128689249153;10;2
Lauraceae;LauraceaeIND;LauraceaeIND_sp.B23;0,4200000000;2,43545837437402;10;2
Lauraceae;LauraceaeIND;LauraceaeIND_sp.B24;0,7900000000;2,14853355558495;50;2
Lauraceae;LauraceaeIND;LauraceaeIND_sp.B25;0,6500000000;2,59026716544583;52;2
Lauraceae;LauraceaeIND;LauraceaeIND_sp.B26;0,6700000000;2,08215449245861;53;2
Lauraceae;LauraceaeIND;LauraceaeIND_sp.B27;0,3300000000;2,26398779349590;10;2
Lauraceae;LauraceaeIND;LauraceaeIND_sp.B28;0,5713273970;1,75908557588675;52;5
Lauraceae;LauraceaeIND;LauraceaeIND_sp.B29;0,6050000000;1,98772198018549;50;2
Lauraceae;LauraceaeIND;LauraceaeIND_sp.B3;0,8655000000;2,03693781035363;50;2
Lauraceae;LauraceaeIND;LauraceaeIND_sp.B30;0,3300000000;2,86131974597071;10;2
Lauraceae;LauraceaeIND;LauraceaeIND_sp.B32;0,6358500000;2,36087256706622;53;2
Lauraceae;LauraceaeIND;LauraceaeIND_sp.B33;0,6373800000;2,00843658608004;50;2
Lauraceae;LauraceaeIND;LauraceaeIND_sp.B34;0,4301900000;1,94955937066289;10;2
Lauraceae;LauraceaeIND;LauraceaeIND_sp.B35;0,4859150000;2,10272055953155;12;2
Lauraceae;LauraceaeIND;LauraceaeIND_sp.B36;0,6759800000;1,98745656460840;52;2
Lauraceae;LauraceaeIND;LauraceaeIND_sp.B37;0,3722700000;2,11576783448332;10;2
Lauraceae;LauraceaeIND;LauraceaeIND_sp.B38;0,4635150000;2,55840040348241;10;2
Lauraceae;LauraceaeIND;LauraceaeIND_sp.B4;0,7671000000;2,77095220946432;50;2
Lauraceae;LauraceaeIND;LauraceaeIND_sp.B5;0,7175226590;2,37759621434760;50;2
Lauraceae;LauraceaeIND;LauraceaeIND_sp.B6;0,7626000000;2,79466073631876;52;2
Lauraceae;LauraceaeIND;LauraceaeIND_sp.B7;0,4867000000;1,71811243278196;32;2
Lauraceae;LauraceaeIND;LauraceaeIND_sp.B8;0,6762150000;2,09053734652350;50;2
Lauraceae;LauraceaeIND;LauraceaeIND_sp.B9;0,6007000000;2,08703788857177;52;2
Lauraceae;Licaria;Licaria_cannella;0,7122500000;2,32423770357337;40;4
Lauraceae;Licaria;Licaria_chrysophylla;0,7109500000;2,35663359692690;36;4
Lauraceae;Licaria;Licaria_guianensis;0,8053000000;2,55786876488858;25;3
Lauraceae;Ocotea;Ocotea_amazonica;0,5055000000;2,07352845909263;25;4
Lauraceae;Ocotea;Ocotea_argyrophylla;0,4325000000;1,97970309951455;53;3
Lauraceae;Ocotea;Ocotea_cinerea;0,3966000000;2,35461763748713;50;3
Lauraceae;Ocotea;Ocotea_indirectinervia;0,5920000000;1,72876794165195;33;4
Lauraceae;Ocotea;Ocotea_percurrens;0,4381000000;2,19381160473998;12;3
Lauraceae;Ocotea;Ocotea_schomburgkiana;0,4491500000;2,40570435362918;50;4
Lauraceae;Ocotea;Ocotea_sp.B1;0,7022000000;1,49884330515268;52;4
Lauraceae;Ocotea;Ocotea_subterminalis;0,6430000000;2,12288782696119;10;3
Lauraceae;Ocotea;Ocotea_tomentella;0,5003000000;2,13508070275878;46;4
Lauraceae;Rhodostemonodaphne;Rhodostemonodaphne_grandis;0,4300000000;1,97800080517897;30;4
Lauraceae;Rhodostemonodaphne;Rhodostemonodaphne_kunthiana;0,3971150000;2,25010913047805;10;4
Lauraceae;Rhodostemonodaphne;Rhodostemonodaphne_praeclara;0,4276000000;2,18898012643097;10;4
Lauraceae;Rhodostemonodaphne;Rhodostemonodaphne_rufovirgata;0,5355900000;2,41394772234962;10;4
Lauraceae;Sextonia;Sextonia_rubra;0,4669000000;2,25145918094010;44;4
Lecythidaceae;Couratari;Couratari_calycina;0,5540000000;2,01240614034368;31;3
Lecythidaceae;Couratari;Couratari_gloriosa;0,6079000000;2,46646364200786;30;3
Lecythidaceae;Couratari;Couratari_guianensis;0,4649750000;2,27803695742328;42;3
Lecythidaceae;Couratari;Couratari_multiflora;0,6400000000;2,51921781929598;38;2
Lecythidaceae;Couratari;Couratari_oblongifolia;0,4822500000;2,55954356489917;40;2
Lecythidaceae;Eschweilera;Eschweilera_apiculata;0,6671700000;2,44243961034918;38;4
Lecythidaceae;Eschweilera;Eschweilera_chartaceifolia;0,6953000000;2,59731916462322;28;4
Lecythidaceae;Eschweilera;Eschweilera_congestiflora;0,7252000000;1,96607859799935;32;4
Lecythidaceae;Eschweilera;Eschweilera_coriacea;0,6908550000;2,29273899225224;37;4
Lecythidaceae;Eschweilera;Eschweilera_decolorans;0,6878250000;2,14481148314940;38;4
Lecythidaceae;Eschweilera;Eschweilera_grandiflora;0,6700000000;2,18536854389795;42;4
Lecythidaceae;Eschweilera;Eschweilera_micrantha;0,7300000000;2,29970241587532;37;4
Lecythidaceae;Eschweilera;Eschweilera_parviflora;0,7400000000;2,33292404394390;43;4
Lecythidaceae;Eschweilera;Eschweilera_pedicellata;0,6438000000;2,61404299775435;20;4
Lecythidaceae;Eschweilera;Eschweilera_praeclara;0,6154500000;2,50596221014447;12;4
Lecythidaceae;Eschweilera;Eschweilera_sagotiana;0,6915000000;1,99850565061250;41;4
Lecythidaceae;Eschweilera;Eschweilera_simiorum;0,6781600000;2,58677065838710;25;4
Lecythidaceae;Eschweilera;Eschweilera_squamata;0,6096500000;2,38596346181744;35;4
Lecythidaceae;Gustavia;Gustavia_hexapetala;0,6468000000;2,56480127512749;20;3
Lecythidaceae;LecythidaceaeIND;LecythidaceaeIND_sp.B1;0,6415396950;2,33929180642306;50;4
Lecythidaceae;LecythidaceaeIND;LecythidaceaeIND_sp.B2;0,6200000000;2,41595938937543;12;2
Lecythidaceae;LecythidaceaeIND;LecythidaceaeIND_sp.B3;0,6900000000;2,51932160839662;53;4
Lecythidaceae;LecythidaceaeIND;LecythidaceaeIND_sp.B4;0,6123300000;2,37563013096507;50;3
Lecythidaceae;LecythidaceaeIND;LecythidaceaeIND_sp.B5;0,6019200000;2,53423940070288;12;4
Lecythidaceae;LecythidaceaeIND;LecythidaceaeIND_sp.B6;0,7082600000;2,05107502152701;50;3
Lecythidaceae;Lecythis;Lecythis_aurantiaca;0,6663100000;2,09796903442449;50;4
Lecythidaceae;Lecythis;Lecythis_chartacea;0,6917300000;2,57632392073597;40;4
Lecythidaceae;Lecythis;Lecythis_corrugata;0,6109500000;2,20596745099262;35;4
Lecythidaceae;Lecythis;Lecythis_holcogyne;0,6360450000;2,43500346028360;40;4
Lecythidaceae;Lecythis;Lecythis_idatimon;0,6292000000;2,17226832119041;44;4
Lecythidaceae;Lecythis;Lecythis_persistens;0,7034000000;2,07516993242645;30;4
Lecythidaceae;Lecythis;Lecythis_poiteaui;0,6600000000;2,59368872458541;38;5
Lecythidaceae;Lecythis;Lecythis_sp.B1;0,6827880510;2,14114491225245;52;4
Lecythidaceae;Lecythis;Lecythis_zabucajo;0,7000000000;2,44179109792700;55;4
Linaceae;Hebepetalum;Hebepetalum_humiriifolium;0,7143000000;2,70164150280593;20;3
Loganiaceae;Antonia;Antonia_ovata;0,4104000000;2,04097001248625;38;1
Malpighiaceae;Bunchosia;Bunchosia_sp.B1;0,6002500000;2,37663689273585;50;4
Malpighiaceae;Byrsonima;Byrsonima_laevigata;0,6782850000;2,37745177962289;23;3
Malvaceae;Apeiba;Apeiba_glabra;0,4590000000;2,48132096618020;23;1
Malvaceae;Apeiba;Apeiba_petoumo;0,3946000000;2,69094573232920;30;2
Malvaceae;Bombacopsis;Bombacopsis_nervosa;0,5180100000;2,78995915642186;36;3
Malvaceae;Catostemma;Catostemma_fragrans;0,6500000000;2,24308036179425;25;5
Malvaceae;Eriotheca;Eriotheca_longitubulosa;0,6352500000;2,28798837565559;50;1
Malvaceae;Eriotheca;Eriotheca_sp.B1;0,6000000000;2,90549395584763;50;3
Malvaceae;Eriotheca;Eriotheca_sp.B2;0,4970000000;1,83112054310864;53;1
Malvaceae;Lueheopsis;Lueheopsis_rugosa;0,5152000000;2,46122683503584;35;2
Malvaceae;MalvaceaeIND;MalvaceaeIND_sp.B1;0,4051000000;2,38303410418189;52;1
Malvaceae;MalvaceaeIND;MalvaceaeIND_sp.B2;0,5134000000;2,58528020237053;50;1
Malvaceae;MalvaceaeIND;MalvaceaeIND_sp.B3;0,4395000000;2,28903366999095;10;1
Malvaceae;Pachira;Pachira_dolichocalyx;0,5313000000;2,92488926277888;25;4
Malvaceae;Quararibea;Quararibea_duckei;0,5825700000;2,99474592273322;50;3
Malvaceae;Quararibea;Quararibea_spatulata;0,5235500000;2,75453731789516;10;2
Malvaceae;Sterculia;Sterculia_frondosa;0,4762000000;2,05574097535332;10;4
Malvaceae;Sterculia;Sterculia_lisae;0,3793500000;2,80640927727545;12;4
Malvaceae;Sterculia;Sterculia_multiovula;0,5365000000;1,97154912961423;53;4
Malvaceae;Sterculia;Sterculia_parviflora;0,4827040540;2,74298446146822;10;2
Malvaceae;Sterculia;Sterculia_pruriens;0,4842000000;2,31866584152250;43;4
Malvaceae;Sterculia;Sterculia_sp.2;0,3917300000;2,93823939528241;10;4
Malvaceae;Sterculia;Sterculia_sp.B1;0,3065800000;2,64422874378259;12;4
Malvaceae;Sterculia;Sterculia_speciosa;0,4985379420;2,24681450634289;10;4
Malvaceae;Sterculia;Sterculia_villifera;0,4800000000;2,25701022265471;10;4
Malvaceae;Theobroma;Theobroma_subincanum;0,5640000000;2,44872924110766;20;4
Malvaceae;Theobroma;Theobroma_velutinum;0,6163443540;2,12411790039222;15;4
Melastomataceae;Henriettella;Henriettella_flavescens;0,6175100000;3,06855466264498;52;2
Melastomataceae;Loreya;Loreya_arborescens;0,5395100000;2,58140455434305;37;1
Melastomataceae;Miconia;Miconia_acuminata;0,6581500000;2,34882085906785;20;1
Melastomataceae;Miconia;Miconia_fragilis;0,5758000000;2,62987024449142;18;1
Melastomataceae;Miconia;Miconia_punctata;0,5724200000;1,97622331393112;50;1
Melastomataceae;Miconia;Miconia_sp.2;0,5749400000;2,51300208241363;52;1
Melastomataceae;Miconia;Miconia_sp.B1;0,5200000000;2,84476124664411;50;1
Melastomataceae;Miconia;Miconia_sp.B2;0,5723600000;2,41943350592438;50;1
Melastomataceae;Miconia;Miconia_sp.B3;0,5867450000;2,66452086422699;53;1
Melastomataceae;Miconia;Miconia_tschudyoides;0,5293000000;2,48522017855683;10;1
Melastomataceae;Mouriri;Mouriri_crassifolia;0,7740000000;1,83591038424495;35;3
Melastomataceae;Mouriri;Mouriri_huberi;0,6975000000;1,97013643518456;30;3
Melastomataceae;Mouriri;Mouriri_sagotiana;0,7900000000;2,43370165951989;50;3
Meliaceae;Carapa;Carapa_procera;0,5639500000;2,28873214471511;41;5
Meliaceae;Guarea;Guarea_costata;0,7100000000;2,86976365331117;50;3
Meliaceae;Guarea;Guarea_grandifolia;0,5577800000;2,34893751812043;53;4
Meliaceae;Guarea;Guarea_guidonia;0,7200000000;2,55943970165057;52;4
Meliaceae;Guarea;Guarea_scabra;0,5818000000;2,85930745341655;50;4
Meliaceae;Guarea;Guarea_silvatica;0,6779500000;2,81946352618833;10;2
Meliaceae;Trichilia;Trichilia_cipo;0,7611000000;2,62368316236567;50;4
Meliaceae;Trichilia;Trichilia_euneura;0,5764000000;2,51549636298252;10;3
Meliaceae;Trichilia;Trichilia_micrantha;0,6257100000;2,93535813063731;20;3
Meliaceae;Trichilia;Trichilia_pallida;0,5559500000;2,78310418680837;10;3
Meliaceae;Trichilia;Trichilia_schomburgkii;0,7200000000;2,26670853560807;20;4
Meliaceae;Trichilia;Trichilia_surinamensis;0,7038500000;2,50432894057508;52;3
Monimiaceae;Siparuna;Siparuna_cristata;0,6671000000;2,47140101668939;50;3
Monimiaceae;Siparuna;Siparuna_decipiens;0,5986000000;2,68378820739271;18;3
Monimiaceae;Siparuna;Siparuna_pachyantha;0,6439000000;2,25238481159904;50;3
Moraceae;Bagassa;Bagassa_guianensis;0,6216000000;2,22915031187717;45;1
Moraceae;Brosimum;Brosimum_guianense;0,7166000000;2,39099605033810;45;3
Moraceae;Brosimum;Brosimum_rubescens;0,6191500000;2,50532365568855;32;4
Moraceae;Brosimum;Brosimum_utile;0,6157000000;2,25224623822643;50;4
Moraceae;Ficus;Ficus_sp.B1;0,9387000000;1,96829626335378;52;4
Moraceae;Ficus;Ficus_sp.B2;0,4282600000;2,53589820125182;10;1
Moraceae;Helicostylis;Helicostylis_pedunculata;0,5437500000;2,41452708783319;25;3
Moraceae;Helicostylis;Helicostylis_tomentosa;0,6300000000;2,19675712378090;30;3
Moraceae;Maquira;Maquira_calophylla;0,7466500000;2,14999720513172;50;3
Moraceae;Maquira;Maquira_guianensis;0,6904300000;2,48765013573375;30;3
Moraceae;Naucleopsis;Naucleopsis_guianensis;0,5483450000;2,56386300060241;20;3
Moraceae;Perebea;Perebea_guianensis;0,6011000000;2,53639042641366;53;3
Moraceae;Perebea;Perebea_rubra;0,5986000000;2,56131853226649;30;3
Moraceae;Trymatococcus;Trymatococcus_amazonicus;0,5505000000;2,58202868899679;30;3
Moraceae;Trymatococcus;Trymatococcus_oligandrus;0,5560500000;2,66329390024315;20;3
Myristicaceae;Iryanthera;Iryanthera_hostmannii;0,6300000000;2,36546661292399;13;4
Myristicaceae;Iryanthera;Iryanthera_sagotiana;0,5829000000;2,40801642767389;31;4
Myristicaceae;Osteophloeum;Osteophloeum_platyspermum;0,4336350000;2,43224153641302;10;1
Myristicaceae;Virola;Virola_kwatae;0,4338850000;2,52544338773682;10;4
Myristicaceae;Virola;Virola_michelii;0,5400000000;2,35590448800559;41;4
Myristicaceae;Virola;Virola_multicostata;0,4380000000;2,34955270674597;10;4
Myrtaceae;Calyptranthes;Calyptranthes_speciosa;0,8137400000;2,58200782811642;53;4
Myrtaceae;Eugenia;Eugenia_coffeifolia;0,7899000000;2,59548910942698;25;3
Myrtaceae;Eugenia;Eugenia_cucullata;0,6908000000;1,68346691124129;50;3
Myrtaceae;Eugenia;Eugenia_cupulata;0,5226007480;1,85832941426069;50;3
Myrtaceae;Eugenia;Eugenia_feijoi;0,7487000000;2,49112881734409;50;4
Myrtaceae;Eugenia;Eugenia_macrocalyx;0,7795500000;2,55815251160973;25;4
Myrtaceae;Eugenia;Eugenia_patrisii;0,7393500000;2,82867818889083;15;3
Myrtaceae;Eugenia;Eugenia_pseudopsidium;0,6951600000;2,44810090548871;25;3
Myrtaceae;Eugenia;Eugenia_sp.B1;0,6800000000;2,19963006560728;52;4
Myrtaceae;Eugenia;Eugenia_sp.FG14;0,7841000000;2,23678109216124;50;4
Myrtaceae;Eugenia;Eugenia_sp.FG20;0,8110000000;1,74809314205849;50;4
Myrtaceae;Eugenia;Eugenia_sp.FG21;0,7212000000;2,40801642767389;50;3
Myrtaceae;Eugenia;Eugenia_sp.FG6;0,6149000000;2,02291107134561;50;3
Myrtaceae;Eugenia;Eugenia_tapacumensis;0,7200000000;2,07567994440441;52;4
Myrtaceae;Eugenia;Eugenia_tetramera;0,7604000000;2,40265224526328;25;3
Myrtaceae;Myrcia;Myrcia_decorticans;0,7536000000;2,22903122879229;30;3
Myrtaceae;Myrcia;Myrcia_deflexa;0,6824400000;1,78997727942669;50;3
Myrtaceae;Myrcia;Myrcia_fallax;0,6324800000;2,57350768945773;53;3
Myrtaceae;Myrcia;Myrcia_magnoliifolia;0,6162000000;2,03853853116672;50;3
Myrtaceae;Myrcia;Myrcia_sp.B1;0,6851211070;2,66633174753492;50;3
Myrtaceae;Myrciaria;Myrciaria_floribunda;0,7128000000;2,82139503291090;25;3
Myrtaceae;MyrtaceaeIND;MyrtaceaeIND_sp.B10;0,7349000000;1,92117054287956;50;3
Myrtaceae;MyrtaceaeIND;MyrtaceaeIND_sp.FG1;0,7419900000;2,84928895685932;50;3
Myrtaceae;MyrtaceaeIND;MyrtaceaeIND_sp.FG2;0,7322000000;2,43641356711355;53;3
Myrtaceae;Plinia;Plinia_rivularis;0,6852400000;2,32369598358936;50;4
Nyctaginaceae;Neea;Neea_floribunda;0,4076000000;2,60085334841969;18;3
Nyctaginaceae;Neea;Neea_sp.B1;0,3963000000;2,62306598880435;50;3
Nyctaginaceae;Neea;Neea_sp.B2;0,4751000000;2,24678220810052;53;3
Nyctaginaceae;Neea;Neea_sp.B3;0,5349000000;3,00950653775199;50;3
Nyctaginaceae;Neea;Neea_sp.B4;0,4855300000;3,26340835742153;50;3
Nyctaginaceae;NyctaginaceaeIND;NyctaginaceaeIND_sp.5DS;0,6583000000;2,64249375911384;50;4
Ochnaceae;Ouratea;Ouratea_melinonii;0,6800000000;2,62070330993396;24;3
Olacaceae;Cathedra;Cathedra_acuminata;0,6869300000;2,32494869258227;53;4
Olacaceae;Chaunochiton;Chaunochiton_kappleri;0,4456150000;2,54042002037982;32;3
Olacaceae;Dulacia;Dulacia_guianensis;0,6367100000;2,41174435680535;53;4
Olacaceae;Heisteria;Heisteria_densifrons;0,8363000000;2,57595864296991;16;3
Olacaceae;Minquartia;Minquartia_guianensis;0,6794000000;2,50229007133624;37;4
Olacaceae;Ptychopetalum;Ptychopetalum_olacoides;0,6667500000;2,59507857040487;53;4
Opiliaceae;Agonandra;Agonandra_silvatica;0,6649000000;2,67082948861560;40;4
Polygalaceae;Moutabea;Moutabea_guianensis;0,7768700000;2,62786006021951;50;4
Polygonaceae;Coccoloba;Coccoloba_mollis;0,6500000000;2,49539665688499;30;3
Quiinaceae;Lacunaria;Lacunaria_crenata;0,8040500000;2,47060572742627;23;3
Quiinaceae;Lacunaria;Lacunaria_jenmanii;0,7847500000;1,87413108401211;50;3
Quiinaceae;Quiina;Quiina_guianensis;0,8431000000;2,83501714931490;10;2
Quiinaceae;Quiina;Quiina_obovata;0,7658600000;2,34396654744444;15;3
Quiinaceae;Quiina;Quiina_sp.B1;0,7420200000;2,23767495871037;50;3
Quiinaceae;Touroulia;Touroulia_guianensis;0,7165000000;2,94694210938456;30;3
Rhabdodendraceae;Rhabdodendron;Rhabdodendron_amazonicum;0,5558700000;2,37271639027590;10;3
Rhizophoraceae;Cassipourea;Cassipourea_guianensis;0,6100000000;2,59910221025808;25;2
Rubiaceae;Amaioua;Amaioua_corymbosa;0,5833850000;2,75468092691912;50;1
Rubiaceae;Amaioua;Amaioua_guianensis;0,7484000000;2,58740756955952;11;2
Rubiaceae;Capirona;Capirona_decorticans;0,5443700000;2,37740257509923;10;1
Rubiaceae;Chimarrhis;Chimarrhis_turbinata;0,6140000000;2,55907867943008;35;1
Rubiaceae;Duroia;Duroia_aquatica;0,6308500000;2,54292064438738;15;1
Rubiaceae;Duroia;Duroia_eriopila;0,6950400000;2,38091015938843;15;1
Rubiaceae;Duroia;Duroia_longiflora;0,7592000000;2,18092619560310;53;1
Rubiaceae;Faramea;Faramea_pedunculata;0,6131000000;2,06792863532985;50;1
Rubiaceae;Ferdinandusa;Ferdinandusa_paraensis;0,5438150000;2,62924980552614;53;1
Rubiaceae;Guettarda;Guettarda_acreana;0,6083000000;2,94277186588947;10;2
Rubiaceae;Isertia;Isertia_spiciformis;0,7100000000;2,61968838501471;50;1
Rubiaceae;Palicourea;Palicourea_guianensis;0,5126500000;2,48613442602288;12;2
Rubiaceae;Posoqueria;Posoqueria_latifolia;0,6161000000;2,19397322098421;15;4
Rubiaceae;Psychotria;Psychotria_ficigemma;0,4825100000;2,77819417133833;53;1
Rubiaceae;Psychotria;Psychotria_mapourioides;0,3916000000;2,53465554232418;10;2
Rubiaceae;Stachyarrhena;Stachyarrhena_acuminata;0,6651550000;2,22398147056767;50;1
Rutaceae;Hortia;Hortia_excelsa;0,7952700000;2,32489445522153;50;4
Salicaceae;Casearia;Casearia_decandra;0,7150000000;2,67694064751756;50;1
Salicaceae;Casearia;Casearia_javitensis;0,7178500000;2,57378737161544;17;2
Salicaceae;Casearia;Casearia_sp.B4;0,6133700000;2,89732892657741;50;1
Salicaceae;Casearia;Casearia_sylvestris;0,7150000000;2,77245589115753;22;1
Salicaceae;Laetia;Laetia_procera;0,5750000000;2,25989501273592;30;2
Salicaceae;Xylosma;Xylosma_benthamii;0,7042000000;3,05628418131840;52;3
Sapindaceae;Allophylus;Allophylus_angustatus;0,6568000000;2,28294205396049;50;3
Sapindaceae;Allophylus;Allophylus_latifolius;0,6078400000;2,80795975273214;53;3
Sapindaceae;Cupania;Cupania_diphylla;0,8210000000;2,14595445818824;53;3
Sapindaceae;Cupania;Cupania_rubiginosa;0,7793000000;2,74567055394171;50;3
Sapindaceae;Cupania;Cupania_scrobiculata;0,7090500000;2,82684472042370;27;3
Sapindaceae;Cupania;Cupania_scrobiculatavar.guianensis;0,7400000000;2,41675854471081;50;3
Sapindaceae;Matayba;Matayba_inelegans;0,6222550000;2,66056244812057;50;2
Sapindaceae;Matayba;Matayba_laevigata;0,7543400000;2,50351548235947;50;2
Sapindaceae;Melicoccus;Melicoccus_pedicellaris;0,8019000000;2,77833574557346;53;2
Sapindaceae;SapindaceaeIND;SapindaceaeIND_sp.B1;0,8660500000;2,02339993986755;50;4
Sapindaceae;SapindaceaeIND;SapindaceaeIND_sp.B8;0,7300000000;2,93017802402979;52;2
Sapindaceae;Talisia;Talisia_clathrata;0,6656000000;2,71861370058372;50;4
Sapindaceae;Talisia;Talisia_hexaphylla;0,7559200000;2,17445801906098;30;3
Sapindaceae;Talisia;Talisia_microphylla;0,7531414965;2,35132166840638;25;4
Sapindaceae;Talisia;Talisia_praealta;0,7400000000;2,23704882563051;30;3
Sapindaceae;Talisia;Talisia_simaboides;0,7563000000;2,12124434459678;50;4
Sapindaceae;Talisia;Talisia_sp.B1;0,7050000000;2,49157276144870;53;4
Sapindaceae;Vouarana;Vouarana_guianensis;0,7509150000;2,87653692990467;53;2
Sapotaceae;Chrysophyllum;Chrysophyllum_argenteum;0,7816500000;2,55061362935274;20;3
Sapotaceae;Chrysophyllum;Chrysophyllum_cuneifolium;0,7555160495;2,41941781812977;15;4
Sapotaceae;Chrysophyllum;Chrysophyllum_eximium;0,7226000000;2,20704050596229;52;4
Sapotaceae;Chrysophyllum;Chrysophyllum_lucentifolium;0,6616000000;2,52032405828504;52;4
Sapotaceae;Chrysophyllum;Chrysophyllum_prieurii;0,7924000000;1,97378160561213;38;4
Sapotaceae;Chrysophyllum;Chrysophyllum_sanguinolentum;0,6037500000;1,93757749990533;40;4
Sapotaceae;Chrysophyllum;Chrysophyllum_sp.B1;0,5308000000;2,44575871419015;12;3
Sapotaceae;Diploon;Diploon_cuspidatum;0,7245000000;2,48448832725523;52;3
Sapotaceae;Ecclinusa;Ecclinusa_lanceolata;0,6037700000;2,04064709794473;10;4
Sapotaceae;Ecclinusa;Ecclinusa_ramiflora;0,5975500000;2,49112117490505;30;4
Sapotaceae;Elaeoluma;Elaeoluma_nuda;0,6360000000;2,15086454802008;50;4
Sapotaceae;Elaeoluma;Elaeoluma_sp.B1;0,6583000000;2,14640724847502;53;4
Sapotaceae;Manilkara;Manilkara_bidentata;0,7323000000;1,95402811715776;50;4
Sapotaceae;Manilkara;Manilkara_huberi;0,7309000000;1,66653750447467;50;4
Sapotaceae;Micropholis;Micropholis_cayennensis;0,6207550000;1,69124102191545;50;3
Sapotaceae;Micropholis;Micropholis_egensis;0,6188000000;2,10117255773526;40;3
Sapotaceae;Micropholis;Micropholis_guyanensis;0,6439000000;2,21297520944002;42;4
Sapotaceae;Micropholis;Micropholis_longipedicellata;0,5738500000;2,70015114266392;50;3
Sapotaceae;Micropholis;Micropholis_melinoniana;0,5300000000;2,33919483860661;52;4
Sapotaceae;Micropholis;Micropholis_mensalis;0,5475500000;2,06729609040570;12;3
Sapotaceae;Micropholis;Micropholis_obscura;0,6989500000;1,81964578996960;44;4
Sapotaceae;Micropholis;Micropholis_porphyrocarpa;0,6325000000;2,23269101011204;10;3
Sapotaceae;Micropholis;Micropholis_sanctae-rosae;0,6747550000;2,41711682540526;10;3
Sapotaceae;Micropholis;Micropholis_sp.B2;0,6529000000;2,06060287688980;50;4
Sapotaceae;Micropholis;Micropholis_sp.B3;0,6794000000;1,90596810023217;50;3
Sapotaceae;Micropholis;Micropholis_venulosa;0,5796000000;2,65551181379534;40;3
Sapotaceae;Pouteria;Pouteria_ambelaniifolia;0,8065000000;1,84926396370825;30;4
Sapotaceae;Pouteria;Pouteria_bangii;0,7933000000;2,02723850039013;50;4
Sapotaceae;Pouteria;Pouteria_benai;0,6589000000;2,57287542273396;52;4
Sapotaceae;Pouteria;Pouteria_bilocularis;0,7479500000;2,14814864219871;32;4
Sapotaceae;Pouteria;Pouteria_cladantha;0,8275000000;2,14582684975971;52;4
Sapotaceae;Pouteria;Pouteria_cuspidata;0,8021413135;2,35037658857923;53;4
Sapotaceae;Pouteria;Pouteria_decorticans;0,8069500000;2,16096025367425;53;4
Sapotaceae;Pouteria;Pouteria_durlandii;0,6859800000;2,00027407021583;53;4
Sapotaceae;Pouteria;Pouteria_egregia;0,7268350000;2,11006158351848;43;4
Sapotaceae;Pouteria;Pouteria_engleri;0,6529100000;2,34374421844254;35;3
Sapotaceae;Pouteria;Pouteria_eugeniifolia;0,7478000000;2,02699222803543;41;4
Sapotaceae;Pouteria;Pouteria_filipes;0,7317000000;2,46963917765721;50;4
Sapotaceae;Pouteria;Pouteria_fimbriata;0,7963000000;2,95311851288616;35;4
Sapotaceae;Pouteria;Pouteria_flavilatex;0,6671100000;2,52883749241665;52;5
Sapotaceae;Pouteria;Pouteria_glomerata;0,8411214950;1,99508629374591;52;4
Sapotaceae;Pouteria;Pouteria_gonggrijpii;0,6900601940;2,19335274044737;28;4
Sapotaceae;Pouteria;Pouteria_grandis;0,6544000000;1,76733392299658;44;5
Sapotaceae;Pouteria;Pouteria_guianensis;0,7819000000;1,93424215126161;35;4
Sapotaceae;Pouteria;Pouteria_hispida;0,7738000000;2,70168990961546;36;4
Sapotaceae;Pouteria;Pouteria_IND;0,7421100000;2,12312610027666;50;4
Sapotaceae;Pouteria;Pouteria_jariensis;0,6857900000;2,30717037759158;26;4
Sapotaceae;Pouteria;Pouteria_laevigata;0,6776100000;2,90801754631863;52;4
Sapotaceae;Pouteria;Pouteria_macrocarpa;0,7093200000;1,77354850803706;52;4
Sapotaceae;Pouteria;Pouteria_macrophylla;0,6135950000;2,50733611018986;52;3
Sapotaceae;Pouteria;Pouteria_maxima;0,5140900000;1,54737759441541;53;4
Sapotaceae;Pouteria;Pouteria_melanopoda;0,7060000000;1,98566812503220;53;5
Sapotaceae;Pouteria;Pouteria_petiolata;0,7315300000;2,49964070114470;50;5
Sapotaceae;Pouteria;Pouteria_putamen-ovi;0,7400000000;1,60212971912738;52;4
Sapotaceae;Pouteria;Pouteria_reticulata;0,6675000000;2,07061739080998;37;4
Sapotaceae;Pouteria;Pouteria_retinervis;0,7944000000;2,68242593408301;52;4
Sapotaceae;Pouteria;Pouteria_rodriguesiana;0,7200000000;2,56464705999853;50;4
Sapotaceae;Pouteria;Pouteria_singularis;0,7040000000;2,51484789841750;20;3
Sapotaceae;Pouteria;Pouteria_sp.1;0,6203400000;2,44627131378808;50;5
Sapotaceae;Pouteria;Pouteria_sp.B11;0,6400000000;2,56903126450524;53;4
Sapotaceae;Pouteria;Pouteria_sp.B12;0,7127000000;2,90049594626622;50;4
Sapotaceae;Pouteria;Pouteria_sp.B15;0,6798000000;2,73041872182975;52;4
Sapotaceae;Pouteria;Pouteria_sp.B19;0,7084000000;2,34845554706014;52;4
Sapotaceae;Pouteria;Pouteria_sp.B20;0,7800000000;2,46775357056175;50;4
Sapotaceae;Pouteria;Pouteria_sp.B25;0,6158000000;2,72408004997932;52;4
Sapotaceae;Pouteria;Pouteria_sp.B27;0,6563850000;2,00277671070049;50;4
Sapotaceae;Pouteria;Pouteria_sp.B8;0,7329105000;1,90447723007630;50;4
Sapotaceae;Pouteria;Pouteria_torta;0,7673350000;2,17049376928537;35;4
Sapotaceae;Pouteria;Pouteria_venosa;0,4578000000;3,32334308454881;40;5
Sapotaceae;Pradosia;Pradosia_cochlearia;0,6891000000;1,85079891484003;49;4
Sapotaceae;Pradosia;Pradosia_ptychandra;0,6354000000;2,31428113275724;37;4
Sapotaceae;Pradosia;Pradosia_sp.B1;0,6239000000;2,43293929003874;12;4
Simaroubaceae;Simaba;Simaba_cedron;0,4576000000;2,46359237264377;10;5
Simaroubaceae;Simaba;Simaba_morettii;0,3805000000;2,02117263355586;40;5
Simaroubaceae;Simaba;Simaba_polyphylla;0,5398976210;2,76689070112514;50;5
Simaroubaceae;Simarouba;Simarouba_amara;0,3283000000;1,91684317144481;41;3
Styracaceae;Styrax;Styrax_pallidus;0,3820700000;2,59625705317866;10;2
Styracaceae;Styrax;Styrax_sp.B1;0,5186000000;2,53584033973655;53;3
Symplocaceae;Symplocos;Symplocos_martinicensis;0,4816000000;2,96875287560004;10;2
Theaceae;Ternstroemia;Ternstroemia_dentata;0,4432400000;2,46388318427142;10;2
Urticaceae;Cecropia;Cecropia_obtusa;0,4800000000;2,11865987222899;24;1
Urticaceae;Pourouma;Pourouma_bicolor;0,3524000000;2,17977540614011;15;3
Urticaceae;Pourouma;Pourouma_melinonii;0,4200000000;2,30798645646353;28;3
Urticaceae;Pourouma;Pourouma_minor;0,6056500000;2,61431070663748;53;3
Urticaceae;Pourouma;Pourouma_sp.B1;0,7899000000;1,78631842241195;50;3
Urticaceae;Pourouma;Pourouma_tomentosa;0,3100000000;2,30150537361616;52;3
Urticaceae;Pourouma;Pourouma_villosa;0,4265350000;2,10094867840376;25;3
Verbenaceae;Vitex;Vitex_triflora;0,5650600000;3,20987037974472;53;2
Violaceae;Amphirrhox;Amphirrhox_longifolia;0,5805000000;2,95910785998844;25;2
Violaceae;Leonia;Leonia_glycycarpa;0,5357350000;2,45942852236126;23;4
Violaceae;Rinorea;Rinorea_sp.B1;0,6300000000;2,97322569714419;52;4
Violaceae;Rinorea;Rinorea_sp.B2;0,7351000000;3,00518116275192;53;4
Vochysiaceae;Erisma;Erisma_floribundum;0,4754000000;2,51239087910213;52;2
Vochysiaceae;Erisma;Erisma_uncinatum;0,4134200000;2,05072774706041;12;2
Vochysiaceae;Qualea;Qualea_rosea;0,6037000000;2,30258509299405;46;3
Vochysiaceae;Qualea;Qualea_sp.B1;0,6011500000;2,28383394170067;52;3
Vochysiaceae;Ruizterania;Ruizterania_albiflora;0,6311620440;2,43922989966442;53;2
Vochysiaceae;Vochysia;Vochysia_guianensis;0,4900000000;2,26949383836772;42;3
Vochysiaceae;Vochysia;Vochysia_tomentosa;0,3418650000;2,48438897385119;32;2
Vochysiaceae;VochysiaceaeIND;VochysiaceaeIND_sp.B1;0,6051000000;3,62732156111450;10;2
Euphorbiaceae;Sandwithia;Sandwithia_guyanensis;0,3283000000;1,43866753491999;52;1
Sapindaceae;Indet.Sapindaceae;Indet.Sapindaceae_Indet.;0,4900000000;1,73172749019237;53;1
Arecaceae;Oenocarpus;Oenocarpus_bataua;0,3172000000;1,43866753491999;52;1
Chrysobalanaceae;Hymenopus;Hymenopus_heteromorphus;0,3283000000;1,73172749019237;53;1
Chrysobalanaceae;Leptobalanus;Leptobalanus_sprucei;0,4900000000;1,49254024800699;53;1
Meliaceae;Carapa;Carapa_surinamensis;0,2800000000;1,49254024800699;52;5
Celastraceae;Maytenus;Maytenus_sp.1-CAY;0,3283000000;1,92324628947810;10;1
Clusiaceae;Tovomita;Tovomita_caloneura;0,4900000000;1,68866484847844;10;1
Myrtaceae;Eugenia;Eugenia_sp.FG14-Holst;0,4900000000;1,49254024800699;10;3
Clusiaceae;Tovomita;Tovomita_sp.5-CAY;0,4900000000;1,73172749019237;52;5
Malvaceae;Theobroma;Theobroma_guianense;0,2800000000;1,43866753491999;10;1
Burseraceae;Protium;Protium_surinamense;0,3916000000;1,92324628947810;10;4
Chrysobalanaceae;Licania;Licania_parvifructa;0,3916000000;1,68866484847844;12;5
Clusiaceae;Tovomita;Tovomita_obovata;0,3283000000;1,43866753491999;10;1
Apocynaceae;Tabernaemontana;Tabernaemontana_attenuata;0,2800000000;1,73172749019237;53;1
Peraceae;Chaetocarpus;Chaetocarpus_sp.1-CAY;0,3283000000;1,92324628947810;50;2
Simaroubaceae;Homalolepis;Homalolepis_cedron;0,3916000000;1,92324628947810;50;1
Violaceae;Rinorea;Rinorea_pectinosquamata;0,3916000000;1,49254024800699;50;1
Elaeocarpaceae;Sloanea;Sloanea_brachytepala;0,4900000000;1,49254024800699;50;1
Fabaceae;Andira;Andira_coriacea;0,3283000000;1,49254024800699;50;5
Lauraceae;Indet.Lauraceae;Indet.Lauraceae_Indet.;0,3283000000;1,49254024800699;50;1
Elaeocarpaceae;Sloanea;Sloanea_sp.22-CAY;0,2800000000;1,73172749019237;50;1
Fabaceae;Swartzia;Swartzia_guianensis;0,3916000000;1,43866753491999;50;1
Clusiaceae;Tovomita;Tovomita_Indet.;0,3916000000;1,68866484847844;10;1
Malvaceae;Eriotheca;Eriotheca_globosa;0,3172000000;1,49254024800699;10;1
Sapotaceae;Pouteria;Pouteria_sp.42-CAY;0,4900000000;1,73172749019237;50;4
Elaeocarpaceae;Sloanea;Sloanea_laxiflora;0,3172000000;1,68866484847844;53;1
Elaeocarpaceae;Sloanea;Sloanea_sp.4-CAY;0,3172000000;1,73172749019237;50;1
Clusiaceae;Tovomita;Tovomita_sp.22-CAY;0,3916000000;1,92324628947810;10;5
Sapotaceae;Chrysophyllum;Chrysophyllum_pomiferum;0,2800000000;1,43866753491999;10;1
Clusiaceae;Tovomita;Tovomita_umbellata;0,4900000000;1,92324628947810;50;5
Apocynaceae;Aspidosperma;Aspidosperma_excelsum;0,3283000000;1,68866484847844;52;3
Sapotaceae;Elaeoluma;Elaeoluma_Indet.;0,2800000000;1,49254024800699;12;1
Clusiaceae;Tovomita;Tovomita_brevistaminea;0,3916000000;1,68866484847844;10;5
Fabaceae;Enterolobium;Enterolobium_oldemanii;0,3172000000;1,49254024800699;53;1
Clusiaceae;Tovomita;Tovomita_gazelii;0,3916000000;1,73172749019237;52;5
Rubiaceae;Faramea;Faramea_sessiliflora;0,4900000000;1,92324628947810;50;1
Violaceae;Rinorea;Rinorea_flavescens;0,4900000000;1,73172749019237;52;1
Burseraceae;Protium;Protium_stevensonii;0,3172000000;1,49254024800699;52;1
Chrysobalanaceae;Parinari;Parinari_parvifolia;0,3172000000;1,43866753491999;53;5
Lecythidaceae;Eschweilera;Eschweilera_collina;0,4900000000;1,68866484847844;10;4
Chrysobalanaceae;Gaulettia;Gaulettia_parillo;0,2800000000;1,73172749019237;10;1
Phyllanthaceae;Amanoa;Amanoa_congesta;0,3283000000;1,73172749019237;50;1
Clusiaceae;Garcinia;Garcinia_madruno;0,4900000000;1,68866484847844;10;5
Melastomataceae;Henriettea;Henriettea_flavescens;0,4900000000;1,49254024800699;50;1
Fabaceae;Inga;Inga_Indet.;0,4900000000;1,73172749019237;10;3
Clusiaceae;Tovomita;Tovomita_sp.2-CAY;0,4900000000;1,92324628947810;52;5
Clusiaceae;Tovomita;Tovomita_sp.11-CAY;0,4900000000;1,92324628947810;53;5
Chrysobalanaceae;Parinariopsis;Parinariopsis_licaniiflora;0,2800000000;1,49254024800699;50;1
Fabaceae;Inga;Inga_melinonii;0,3916000000;1,49254024800699;50;1
Annonaceae;Guatteria;Guatteria_schomburgkiana;0,3916000000;1,43866753491999;52;1
Lauraceae;Aniba;Aniba_taubertiana;0,2800000000;1,73172749019237;50;1
Phyllanthaceae;Amanoa;Amanoa_guianensis;0,3916000000;1,43866753491999;10;1
Combretaceae;Terminalia;Terminalia_grandis;0,3283000000;1,92324628947810;50;1
Annonaceae;Anaxagorea;Anaxagorea_dolichocarpa;0,3172000000;1,43866753491999;10;1
Meliaceae;Guarea;Guarea_pubescens;0,3916000000;1,92324628947810;50;1
Lauraceae;Aniba;Aniba_citrifolia;0,4900000000;1,49254024800699;50;1
Rubiaceae;Coussarea;Coussarea_machadoana;0,4900000000;1,43866753491999;10;1
Apocynaceae;Rauvolfia;Rauvolfia_paraensis;0,3916000000;1,43866753491999;50;1
Fabaceae;Limadendron;Limadendron_hostmannii;0,3283000000;1,43866753491999;50;1
Melastomataceae;Votomita;Votomita_guianensis;0,4900000000;1,49254024800699;50;1
Malpighiaceae;Byrsonima;Byrsonima_aerugo;0,3283000000;1,68866484847844;52;1
Clusiaceae;Tovomita;Tovomita_fanshawei;0,3283000000;1,73172749019237;12;5
Fabaceae;Inga;Inga_cylindrica;0,3283000000;1,92324628947810;12;3
Myrtaceae;Eugenia;Eugenia_exaltata;0,2800000000;1,73172749019237;10;1
Sapotaceae;Pouteria;Pouteria_caimito;0,2800000000;1,92324628947810;12;5
Elaeocarpaceae;Sloanea;Sloanea_Indet.;0,4900000000;1,49254024800699;50;1
Lecythidaceae;Eschweilera;Eschweilera_Indet.;0,2800000000;1,49254024800699;10;1
Calophyllaceae;Caraipa;Caraipa_punctulata;0,4900000000;1,68866484847844;50;1
Hypericaceae;Vismia;Vismia_sessilifolia;0,3283000000;1,49254024800699;50;1
Fabaceae;Ormosia;Ormosia_coutinhoi;0,2800000000;1,49254024800699;53;1
Elaeocarpaceae;Sloanea;Sloanea_synandra;0,2800000000;1,43866753491999;53;1
Chrysobalanaceae;Couepia;Couepia_obovata;0,2800000000;1,49254024800699;10;5
Melastomataceae;Miconia;Miconia_minutiflora;0,3172000000;1,73172749019237;53;1
Burseraceae;Indet.Burseraceae;Indet.Burseraceae_Indet.;0,4900000000;1,73172749019237;10;1
Fabaceae;Albizia;Albizia_pedicellaris;0,4900000000;1,49254024800699;50;5
Clusiaceae;Garcinia;Garcinia_benthamiana;0,3283000000;1,73172749019237;10;5
Siparunaceae;Siparuna;Siparuna_cuspidata;0,3916000000;1,92324628947810;52;3
Olacaceae;Heisteria;Heisteria_Indet.;0,3172000000;1,68866484847844;50;1
Malpighiaceae;Byrsonima;Byrsonima_Indet.;0,3172000000;1,92324628947810;50;1
Burseraceae;Protium;Protium_Indet.;0,3283000000;1,49254024800699;50;1
Myrtaceae;Indet.Myrtaceae;Indet.Myrtaceae_Indet.;0,3172000000;1,73172749019237;50;1
Indet.;Indet.Indet.;Indet.Indet._Indet.;0,3916000000;1,68866484847844;12;1
Annonaceae;Indet.Annonaceae;Indet.Annonaceae_Indet.;0,4900000000;1,43866753491999;53;1
Lecythidaceae;Indet.Lecythidaceae;Indet.Lecythidaceae_Indet.;0,3916000000;1,43866753491999;50;1
Sapotaceae;Indet.Sapotaceae;Indet.Sapotaceae_Indet.;0,4900000000;1,68866484847844;53;1
Nyctaginaceae;Neea;Neea_Indet.;0,3916000000;1,49254024800699;50;1
Calophyllaceae;Mahurea;Mahurea_palustris;0,3172000000;1,73172749019237;50;1
Elaeocarpaceae;Sloanea;Sloanea_parviflora;0,3172000000;1,68866484847844;53;1
Sapotaceae;Ecclinusa;Ecclinusa_guianensis;0,3172000000;1,68866484847844;10;4
Ochnaceae;Quiina;Quiina_integrifolia;0,3916000000;1,68866484847844;50;5
Elaeocarpaceae;Sloanea;Sloanea_sp.70-CAY;0,4900000000;1,43866753491999;52;1
Sapindaceae;Talisia;Talisia_furfuracea;0,2800000000;1,73172749019237;50;1
Elaeocarpaceae;Sloanea;Sloanea_conferta;0,3916000000;1,43866753491999;50;1
Elaeocarpaceae;Sloanea;Sloanea_granulosa;0,4900000000;1,68866484847844;50;1
Bignoniaceae;Tabebuia;Tabebuia_insignis;0,2800000000;1,73172749019237;50;1
Fabaceae;Inga;Inga_cayennensis;0,4900000000;1,43866753491999;50;4
Fabaceae;Inga;Inga_sp.12-CAY;0,3916000000;1,68866484847844;50;1
Chrysobalanaceae;Leptobalanus;Leptobalanus_longistylus;0,4900000000;1,92324628947810;10;1
Fabaceae;Inga;Inga_marginata;0,3172000000;1,68866484847844;10;1
Simaroubaceae;Homalolepis;Homalolepis_morettii;0,4900000000;1,49254024800699;50;1
Annonaceae;Xylopia;Xylopia_pulcherrima;0,3916000000;1,68866484847844;53;2
Myrtaceae;Eugenia;Eugenia_anastomosans;0,4900000000;1,49254024800699;50;1
Fabaceae;Parkia;Parkia_pendula;0,3283000000;1,68866484847844;50;3
Sapindaceae;Matayba;Matayba_opaca;0,2800000000;1,68866484847844;52;1
Fabaceae;Inga;Inga_graciliflora;0,3172000000;1,43866753491999;10;1
Fabaceae;Inga;Inga_lomatophylla;0,3172000000;1,73172749019237;10;3
Rubiaceae;Indet.Rubiaceae;Indet.Rubiaceae_Indet.;0,2800000000;1,49254024800699;12;1
Burseraceae;Protium;Protium_plagiocarpium;0,4900000000;1,73172749019237;53;4
Violaceae;Indet.Violaceae;Indet.Violaceae_Indet.;0,4900000000;1,43866753491999;53;1
Melastomataceae;Mouriri;Mouriri_Indet.;0,3283000000;1,43866753491999;50;1
Sapotaceae;Pouteria;Pouteria_cicatricata;0,4900000000;1,92324628947810;52;5
Fabaceae;Ormosia;Ormosia_paraensis;0,3172000000;1,73172749019237;52;3
Malvaceae;Sterculia;Sterculia_Indet.;0,3916000000;1,49254024800699;10;1
Euphorbiaceae;Sagotia;Sagotia_racemosa;0,2800000000;1,73172749019237;50;1
Fabaceae;Inga;Inga_jenmanii;0,3916000000;1,68866484847844;10;1
Malpighiaceae;Byrsonima;Byrsonima_densa;0,2800000000;1,92324628947810;53;1
Rubiaceae;Duroia;Duroia_micrantha;0,3283000000;1,92324628947810;53;1
Lauraceae;Ocotea;Ocotea_glomerata;0,2800000000;1,49254024800699;10;3
Myrtaceae;Eugenia;Eugenia_sp.FG21-Holst;0,3283000000;1,49254024800699;10;1
Fabaceae;Copaifera;Copaifera_guyanensis;0,4900000000;1,43866753491999;10;3
Annonaceae;Xylopia;Xylopia_crinita;0,4900000000;1,73172749019237;53;1
Sapotaceae;Pouteria;Pouteria_cayennensis;0,3916000000;1,43866753491999;53;5
Ochnaceae;Quiina;Quiina_macrophylla;0,3283000000;1,49254024800699;53;1
Malvaceae;Eriotheca;Eriotheca_Indet.;0,3916000000;1,49254024800699;53;1
